,City,Cloudiness,Country,Date,Humidity,Latitude,Longitude,Max Temp,wind
0,leningradskiy,98.0,RU,1580008927.0,96.0,69.38,178.42,-12.55,4.12
1,ilulissat,92.0,GL,1580008926.0,46.0,69.22,-51.1,6.8,10.29
2,ushuaia,75.0,AR,1580008911.0,75.0,-54.8,-68.3,46.4,23.04
3,new norfolk,40.0,AU,1580009071.0,35.0,-42.78,147.06,71.6,18.34
4,castro,0.0,BR,1580008719.0,93.0,-24.79,-50.01,61.63,2.84
5,hermanus,83.0,ZA,1580008924.0,98.0,-34.42,19.23,57.0,8.99
6,tasiilaq,100.0,GL,1580008932.0,79.0,65.61,-37.64,28.4,31.09
7,rolim de moura,,,,,,,,
8,barentsburg,,,,,,,,
9,karasburg,71.0,NA,1580009071.0,77.0,-28.02,18.75,59.59,14.0
10,broome,90.0,US,1580009071.0,99.0,42.25,-75.83,35.01,6.93
11,tiarei,40.0,PF,1580009071.0,70.0,-17.53,-149.33,86.0,8.05
12,krasnoselkup,95.0,RU,1580009072.0,98.0,65.7,82.47,-6.83,9.42
13,vaini,75.0,TO,1580008918.0,88.0,-21.2,-175.2,80.6,13.87
14,isla vista,1.0,US,1580009072.0,100.0,34.41,-119.86,57.0,3.94
15,irituia,100.0,BR,1580009072.0,95.0,-1.77,-47.44,75.78,2.21
16,kaitangata,5.0,NZ,1580008955.0,66.0,-46.28,169.85,68.0,10.45
17,butaritari,100.0,KI,1580009072.0,72.0,3.07,172.79,85.51,9.89
18,hobart,40.0,AU,1580009027.0,35.0,-42.88,147.33,71.6,18.34
19,mayo,75.0,US,1580009073.0,87.0,38.89,-76.51,45.0,4.7
20,upernavik,100.0,GL,1580009073.0,94.0,72.79,-56.15,-14.24,7.61
21,mataura,64.0,NZ,1580009073.0,58.0,-46.19,168.86,77.65,0.58
22,bodden town,20.0,KY,1580008934.0,78.0,19.28,-81.25,77.0,2.24
23,punta arenas,75.0,CL,1580008526.0,70.0,-53.15,-70.92,48.2,25.28
24,touros,75.0,BR,1580009073.0,88.0,-5.2,-35.46,80.6,4.7
25,port alfred,80.0,ZA,1580009073.0,98.0,-33.59,26.89,66.99,7.0
26,fortuna,90.0,US,1580008920.0,87.0,40.6,-124.16,59.0,9.17
27,samarai,79.0,PG,1580008929.0,74.0,-10.62,150.67,84.76,4.03
28,las navas,3.0,PH,1580009074.0,90.0,12.34,125.03,82.69,3.69
29,jati,0.0,PK,1580009043.0,71.0,24.35,68.27,66.06,8.23
30,rikitea,0.0,PF,1580008911.0,77.0,-23.12,-134.97,79.11,10.22
31,bathsheba,75.0,BB,1580008940.0,83.0,13.22,-59.52,77.0,1.12
32,jamestown,90.0,US,1580008917.0,97.0,42.1,-79.24,34.0,9.17
33,hithadhoo,100.0,MV,1580008661.0,77.0,-0.6,73.08,82.49,9.75
34,avarua,100.0,CK,1580008912.0,83.0,-21.21,-159.78,84.2,11.41
35,votkinsk,100.0,RU,1580009075.0,94.0,57.05,53.99,23.0,4.41
36,taolanaro,,,,,,,,
37,viedma,91.0,AR,1580008959.0,50.0,-40.81,-63.0,64.29,15.21
38,geilenkirchen,20.0,DE,1580009075.0,100.0,50.97,6.12,37.99,6.93
39,marcona,,,,,,,,
40,albany,90.0,US,1580008912.0,93.0,42.6,-73.97,39.0,5.82
41,bargal,,,,,,,,
42,salinopolis,100.0,BR,1580008976.0,81.0,-0.61,-47.36,82.81,12.39
43,faanui,62.0,PF,1580008915.0,72.0,-16.48,-151.75,83.16,8.79
44,tokur,100.0,RU,1580009076.0,93.0,53.13,132.9,-11.31,3.04
45,kefamenanu,33.0,ID,1580009076.0,62.0,-9.45,124.48,87.37,2.57
46,sept-iles,75.0,CA,1580008919.0,72.0,50.2,-66.38,17.01,6.93
47,barrow,90.0,US,1580008912.0,75.0,71.29,-156.79,-20.2,10.29
48,puerto ayora,54.0,EC,1580009025.0,32.0,-0.74,-90.35,77.0,3.0
49,provideniya,0.0,RU,1580008925.0,69.0,64.38,-173.3,-5.44,3.4
50,geraldton,15.0,AU,1580008923.0,58.0,-28.77,114.6,82.4,12.75
51,vestmanna,100.0,FO,1580008945.0,93.0,62.16,-7.17,44.6,14.99
52,skibbereen,75.0,IE,1580009033.0,93.0,51.55,-9.27,48.2,19.46
53,san quintin,0.0,MX,1580009077.0,85.0,30.48,-115.95,59.31,4.99
54,ayan,0.0,RU,1580008926.0,70.0,56.45,138.17,-11.85,11.83
55,ginda,0.0,IN,1580009077.0,41.0,30.69,78.49,43.03,4.29
56,yellowknife,90.0,CA,1580008911.0,85.0,62.46,-114.35,10.4,3.36
57,perevolotskiy,100.0,RU,1580009077.0,98.0,51.88,54.19,30.56,14.9
58,tuktoyaktuk,90.0,CA,1580008915.0,69.0,69.45,-133.04,-13.0,24.16
59,wagar,0.0,SD,1580009078.0,87.0,16.15,36.2,55.96,14.41
60,port keats,100.0,AU,1580009078.0,72.0,-14.25,129.55,89.62,10.83
61,pevek,100.0,RU,1580008450.0,96.0,69.7,170.31,-9.44,0.45
62,dikson,100.0,RU,1580008919.0,95.0,73.51,80.55,-5.84,5.39
63,nanortalik,100.0,GL,1580008949.0,75.0,60.14,-45.24,23.34,16.98
64,bluff,57.0,NZ,1580008915.0,52.0,-46.6,168.33,66.49,8.52
65,grand-santi,100.0,GF,1580008935.0,99.0,4.25,-54.38,72.1,2.95
66,necochea,0.0,AR,1580009078.0,86.0,-38.55,-58.74,54.0,1.01
67,belushya guba,,,,,,,,
68,cururupu,98.0,BR,1580009079.0,96.0,-1.83,-44.87,75.2,2.21
69,mar del plata,0.0,AR,1580008848.0,59.0,-38.0,-57.56,66.2,8.05
70,katsuura,75.0,JP,1580008959.0,86.0,35.13,140.3,43.0,3.36
71,victoria,40.0,HK,1580008807.0,87.0,22.29,114.16,64.0,10.29
72,aljezur,0.0,PT,1580009079.0,99.0,37.32,-8.8,50.0,4.0
73,esperance,95.0,AU,1580009079.0,44.0,-33.87,121.9,80.6,5.82
74,ponta do sol,40.0,PT,1580009037.0,71.0,32.67,-17.1,57.2,5.82
75,east london,75.0,ZA,1580008945.0,88.0,-33.02,27.91,69.8,11.41
76,saint anthony,90.0,US,1580009080.0,74.0,45.02,-93.22,28.99,5.82
77,saint-augustin,40.0,CA,1580008961.0,79.0,51.23,-58.65,14.79,10.8
78,arraial do cabo,0.0,BR,1580009080.0,82.0,-22.97,-42.03,75.16,6.76
79,port hedland,0.0,AU,1580009080.0,11.0,-20.32,118.57,105.8,13.87
80,havre-saint-pierre,90.0,CA,1580008920.0,85.0,50.23,-63.6,15.8,4.7
81,ijaki,,,,,,,,
82,tawang,0.0,IN,1580009080.0,25.0,27.58,91.87,30.16,1.86
83,qaanaaq,55.0,GL,1580008929.0,43.0,77.48,-69.36,-12.03,4.43
84,nanchang,100.0,CN,1580008762.0,91.0,28.68,115.88,43.81,9.33
85,seoul,1.0,KR,1580008965.0,60.0,37.57,126.98,42.8,1.12
86,sao filipe,21.0,CV,1580009081.0,63.0,14.9,-24.5,73.94,18.75
87,rioja,73.0,AR,1580009081.0,41.0,-29.41,-66.85,76.64,3.71
88,college,1.0,US,1580008938.0,74.0,64.86,-147.8,-9.99,4.59
89,port-cartier,75.0,CA,1580009081.0,72.0,50.03,-66.87,17.01,6.93
90,torbay,5.0,CA,1580008936.0,78.0,47.67,-52.73,19.99,13.87
91,cabo san lucas,75.0,MX,1580008802.0,77.0,22.89,-109.91,69.01,4.7
92,tumannyy,,,,,,,,
93,lompoc,90.0,US,1580008808.0,93.0,34.64,-120.46,57.99,6.93
94,marsh harbour,39.0,BS,1580009082.0,79.0,26.54,-77.06,71.67,13.62
95,santa cruz,2.0,BO,1580008795.0,69.0,-17.8,-63.17,80.6,6.93
96,chifeng,0.0,CN,1580008811.0,31.0,42.27,118.96,26.2,4.56
97,luderitz,0.0,NA,1580008920.0,88.0,-26.65,15.16,66.2,11.41
98,port elizabeth,20.0,ZA,1580008803.0,88.0,-33.92,25.57,68.0,23.04
99,eldikan,,,,,,,,
100,belyy yar,40.0,RU,1580009083.0,92.0,53.6,91.39,19.4,2.24
101,visnes,100.0,NO,1580009083.0,100.0,59.36,5.22,44.01,13.87
102,makakilo city,20.0,US,1580009083.0,65.0,21.35,-158.09,82.4,9.17
103,port hardy,90.0,CA,1580009083.0,81.0,50.7,-127.42,46.4,23.04
104,chernyshevskiy,100.0,RU,1580009083.0,96.0,63.01,112.47,4.87,11.23
105,longyearbyen,7.0,SJ,1580008916.0,70.0,78.22,15.64,-2.2,2.24
106,shimoda,75.0,JP,1580009083.0,93.0,34.67,138.95,44.6,20.8
107,bredasdorp,68.0,ZA,1580008924.0,87.0,-34.53,20.04,59.0,13.87
108,khatanga,22.0,RU,1580008691.0,96.0,71.97,102.5,-23.94,2.64
109,srikakulam,59.0,IN,1580009084.0,71.0,18.3,83.9,74.75,3.18
110,louisbourg,,,,,,,,
111,mayor pablo lagerenza,0.0,PY,1580009084.0,41.0,-19.93,-60.77,78.64,4.5
112,teguise,0.0,ES,1580009084.0,77.0,29.06,-13.56,59.0,1.12
113,murray bridge,5.0,AU,1580009084.0,60.0,-35.12,139.27,84.0,4.0
114,iqaluit,20.0,CA,1580008929.0,66.0,63.75,-68.51,-29.0,14.99
115,nelson bay,40.0,AU,1580009084.0,37.0,-32.72,152.15,99.0,11.41
116,balimo,,,,,,,,
117,sitka,90.0,US,1580008922.0,70.0,57.05,-135.33,46.4,24.16
118,leshukonskoye,86.0,RU,1580009085.0,98.0,64.9,45.76,-4.61,2.89
119,changli,40.0,CN,1580009085.0,53.0,39.7,119.15,33.71,9.93
120,oranjestad,40.0,AW,1580009085.0,83.0,12.52,-70.03,78.8,8.05
121,kapaa,40.0,US,1580008915.0,65.0,22.08,-159.32,78.8,6.93
122,manaure,73.0,CO,1580009085.0,89.0,11.78,-72.44,77.81,12.55
123,yaan,69.0,NG,1580008966.0,13.0,7.38,8.57,68.36,5.23
124,kitimat,90.0,CA,1580009086.0,93.0,54.05,-128.65,35.6,2.24
125,butembo,100.0,CD,1580009086.0,47.0,0.15,29.28,68.65,2.73
126,mbigou,99.0,GA,1580009086.0,98.0,-1.9,11.91,68.95,4.38
127,anadyr,90.0,RU,1580008946.0,78.0,64.75,177.48,15.8,13.42
128,salalah,75.0,OM,1580008920.0,78.0,17.02,54.09,77.0,3.36
129,beyneu,99.0,KZ,1580009086.0,84.0,45.32,55.2,35.19,22.97
130,rawson,0.0,AR,1580009086.0,42.0,-43.3,-65.1,72.3,20.87
131,busselton,97.0,AU,1580008918.0,27.0,-33.65,115.33,91.0,5.23
132,attawapiskat,,,,,,,,
133,ormara,0.0,PK,1580009087.0,70.0,25.21,64.64,71.56,11.88
134,mount pleasant,1.0,US,1580009087.0,66.0,32.79,-79.86,50.0,6.93
135,hilo,90.0,US,1580008914.0,57.0,19.73,-155.09,80.6,3.36
136,cidreira,74.0,BR,1580008914.0,68.0,-30.18,-50.21,75.56,14.32
137,cayenne,90.0,GF,1580008949.0,94.0,4.93,-52.33,75.2,9.17
138,waiuku,0.0,NZ,1580008973.0,64.0,-37.25,174.75,84.99,19.46
139,chokurdakh,100.0,RU,1580008920.0,86.0,70.63,147.92,-22.23,5.99
140,san vicente,0.0,AR,1580009087.0,65.0,-26.62,-54.13,65.79,2.89
141,brignoles,100.0,FR,1580009088.0,93.0,43.4,6.07,52.0,4.05
142,senador pompeu,100.0,BR,1580009088.0,88.0,-5.59,-39.37,75.56,2.82
143,ibotirama,100.0,BR,1580009088.0,96.0,-12.19,-43.22,69.84,4.9
144,kimamba,75.0,TZ,1580009088.0,94.0,-6.78,37.13,73.4,1.32
145,georgetown,20.0,MY,1580008920.0,66.0,5.41,100.34,86.0,6.93
146,bethel,90.0,US,1580008944.0,100.0,41.37,-73.41,46.4,5.82
147,atuona,74.0,PF,1580008922.0,77.0,-9.8,-139.03,80.74,13.8
148,sao joao da barra,100.0,BR,1580009088.0,90.0,-21.64,-41.05,73.27,5.39
149,pitimbu,20.0,BR,1580009089.0,88.0,-7.47,-34.81,80.6,5.82
150,gambela,100.0,ET,1580009089.0,33.0,8.25,34.58,71.85,2.26
151,paita,100.0,PE,1580008939.0,71.0,-5.09,-81.11,78.21,12.91
152,bardiyah,33.0,LY,1580008789.0,63.0,31.76,25.09,55.36,10.76
153,barawe,,,,,,,,
154,nizhneyansk,,,,,,,,
155,namibe,69.0,AO,1580008945.0,74.0,-15.2,12.15,74.68,12.53
156,pszow,90.0,PL,1580009089.0,92.0,50.04,18.39,30.99,13.87
157,vao,91.0,NC,1580008930.0,79.0,-22.67,167.48,77.95,15.61
158,vaitupu,,,,,,,,
159,san andres,40.0,CO,1580009029.0,69.0,12.58,-81.7,80.6,10.29
160,beboto,31.0,TD,1580009090.0,16.0,8.27,16.94,59.52,2.06
161,diffa,0.0,NE,1580009090.0,35.0,13.32,12.61,58.96,11.21
162,cape town,40.0,ZA,1580009054.0,82.0,-33.93,18.42,62.01,5.82
163,nikolskoye,20.0,RU,1580008681.0,86.0,59.7,30.79,30.99,4.47
164,chuy,3.0,UY,1580008932.0,80.0,-33.7,-53.46,65.59,5.46
165,cornwall,90.0,CA,1580009090.0,98.0,45.02,-74.73,33.8,13.87
166,clyde river,90.0,CA,1580009091.0,67.0,70.47,-68.59,-25.6,10.29
167,boende,41.0,CD,1580009091.0,41.0,-0.22,20.87,70.16,2.75
168,pemangkat,98.0,ID,1580008967.0,73.0,1.17,108.97,83.23,4.05
169,half moon bay,90.0,US,1580009091.0,93.0,37.46,-122.43,61.0,4.7
170,saint-pierre,90.0,RE,1580008944.0,83.0,-21.34,55.48,75.2,6.93
171,bambous virieux,75.0,MU,1580009091.0,83.0,-20.34,57.76,78.01,13.87
172,moron,0.0,AR,1580009091.0,54.0,-34.65,-58.62,80.6,10.29
173,ziarat,0.0,PK,1580009091.0,69.0,30.38,67.73,27.0,3.2
174,suntar,100.0,RU,1580009092.0,94.0,62.14,117.63,7.9,8.12
175,hemel hempstead,100.0,GB,1580009092.0,100.0,51.75,-0.48,46.0,8.05
176,grand river south east,,,,,,,,
177,det udom,100.0,TH,1580009076.0,74.0,14.91,105.08,78.8,5.82
178,lebu,0.0,CL,1580008847.0,85.0,-37.62,-73.65,61.23,7.78
179,paamiut,86.0,GL,1580008954.0,64.0,61.99,-49.67,18.12,23.8
180,mount hagen,99.0,PG,1580009092.0,88.0,-5.86,144.23,62.62,5.01
181,udachnyy,100.0,RU,1580009092.0,74.0,66.42,112.4,-27.4,6.71
182,kolokani,35.0,ML,1580009093.0,10.0,13.57,-8.03,71.1,8.66
183,kenai,1.0,US,1580008912.0,59.0,60.55,-151.26,9.0,9.17
184,chai badan,100.0,TH,1580009093.0,62.0,15.2,101.13,88.0,1.99
185,saleaula,,,,,,,,
186,luanda,40.0,AO,1580009093.0,78.0,-8.84,13.23,80.6,2.24
187,dauphin,90.0,CA,1580009093.0,85.0,51.15,-100.05,19.4,3.36
188,nakonde,98.0,ZM,1580009093.0,97.0,-9.34,32.74,63.54,1.61
189,vestmannaeyjar,100.0,IS,1580008931.0,96.0,63.44,-20.27,33.46,15.32
190,saint george,1.0,US,1580009094.0,57.0,37.1,-113.58,51.01,0.96
191,manokwari,76.0,ID,1580008797.0,71.0,-0.87,134.08,82.04,5.86
192,bjornevatn,20.0,NO,1580008940.0,73.0,69.67,29.98,19.4,31.09
193,san jose,90.0,US,1580009013.0,77.0,37.34,-121.89,61.0,6.93
194,zhigansk,80.0,RU,1580008928.0,89.0,66.77,123.37,-32.06,12.64
195,kibala,37.0,TD,1580009094.0,24.0,9.11,18.35,66.2,5.03
196,lamu,100.0,KE,1580009094.0,86.0,-2.27,40.9,81.45,9.01
197,kapit,90.0,MY,1580009094.0,71.0,2.02,112.93,83.7,3.13
198,saskylakh,99.0,RU,1580008961.0,93.0,71.92,114.08,-20.51,16.46
199,vardo,100.0,NO,1580008919.0,85.0,70.37,31.11,17.6,26.4
200,alofi,22.0,NU,1580008971.0,83.0,-19.06,-169.92,82.4,9.17
201,tarrega,75.0,ES,1580009095.0,87.0,41.65,1.14,51.01,5.82
202,jambi,32.0,ID,1580009009.0,75.0,-1.6,103.62,84.83,3.44
203,saldanha,83.0,ZA,1580008957.0,93.0,-33.01,17.94,59.0,3.36
204,norman wells,20.0,CA,1580009095.0,68.0,65.28,-126.83,-14.8,9.17
205,ostrovnoy,100.0,RU,1580008961.0,98.0,68.05,39.51,1.87,10.38
206,kavieng,48.0,PG,1580008970.0,72.0,-2.57,150.8,84.87,11.7
207,bogande,0.0,BF,1580009096.0,10.0,12.97,-0.14,68.59,10.16
208,nouadhibou,100.0,MR,1580009096.0,63.0,20.93,-17.03,64.4,23.04
209,augusta,100.0,DE,1580009096.0,91.0,48.37,10.88,34.0,2.24
210,pisco,90.0,PE,1580008953.0,83.0,-13.7,-76.22,73.4,17.22
211,mercedes,0.0,AR,1580009096.0,92.0,-34.65,-59.43,80.01,1.01
212,ponta delgada,40.0,PT,1580009096.0,82.0,37.73,-25.67,57.2,4.7
213,kodiak,90.0,US,1580008928.0,61.0,57.79,-152.41,17.6,19.46
214,saint-philippe,90.0,RE,1580008719.0,83.0,-21.36,55.77,75.2,6.93
215,gardan diwal,,,,,,,,
216,poum,100.0,NC,1580008866.0,82.0,-20.23,164.02,79.77,21.39
217,boa vista,95.0,BR,1580009097.0,61.0,2.82,-60.67,82.4,8.05
218,paranaiba,32.0,BR,1580009097.0,87.0,-19.68,-51.19,72.39,3.74
219,tabou,26.0,CI,1580009097.0,96.0,4.42,-7.35,76.82,0.87
220,rancharia,0.0,BR,1580009097.0,64.0,-22.23,-50.89,73.4,2.64
221,yablonovo,75.0,RU,1580009097.0,89.0,50.85,37.36,32.0,13.42
222,aflu,,,,,,,,
223,inverness,100.0,GB,1580009098.0,75.0,57.48,-4.22,48.0,10.29
224,coquimbo,0.0,CL,1580008913.0,93.0,-29.95,-71.34,62.6,5.82
225,ewa beach,20.0,US,1580008825.0,65.0,21.32,-158.01,82.4,9.17
226,karasjok,52.0,NO,1580009098.0,67.0,69.47,25.51,17.6,17.22
227,rameswaram,78.0,IN,1580009098.0,69.0,9.28,79.3,78.89,10.89
228,kamenskoye,,,,,,,,
229,narsaq,96.0,GL,1580008916.0,72.0,60.92,-46.05,10.4,6.93
230,dudinka,75.0,RU,1580008984.0,77.0,69.41,86.18,5.0,11.18
231,hambantota,40.0,LK,1580008932.0,88.0,6.12,81.12,77.0,12.75
232,tiksi,0.0,RU,1580008932.0,67.0,71.69,128.87,-28.1,5.19
233,inverell,100.0,AU,1580009099.0,51.0,-29.78,151.12,88.0,3.47
234,alexandria,40.0,EG,1580008833.0,87.0,31.22,29.96,50.0,3.36
235,deputatskiy,62.0,RU,1580008921.0,100.0,69.3,139.9,-40.94,0.72
236,vanimo,61.0,PG,1580008957.0,82.0,-2.67,141.3,83.39,16.02
237,peterhead,90.0,GB,1580009099.0,81.0,57.51,-1.8,44.01,14.99
238,fort saint john,,,,,,,,
239,muisne,100.0,EC,1580009100.0,88.0,0.6,-80.03,77.32,7.78
240,tanabe,75.0,JP,1580009100.0,100.0,33.73,135.37,54.0,5.82
241,yeppoon,75.0,AU,1580009100.0,52.0,-23.13,150.73,91.4,10.29
242,nizhnevartovsk,75.0,RU,1580009100.0,84.0,60.93,76.55,-0.4,6.71
243,billings,75.0,US,1580009004.0,41.0,45.78,-108.5,42.01,8.05
244,illoqqortoormiut,,,,,,,,
245,kavaratti,20.0,IN,1580008925.0,83.0,10.57,72.64,78.8,2.28
246,truro,34.0,GB,1580009100.0,87.0,50.27,-5.05,51.01,12.75
247,quelimane,99.0,MZ,1580008967.0,91.0,-17.88,36.89,71.78,4.45
248,abu samrah,0.0,SY,1580009101.0,62.0,35.3,37.18,37.33,7.83
249,iringa,100.0,TZ,1580009101.0,88.0,-7.77,35.7,66.2,1.61
250,satitoa,,,,,,,,
251,ulaangom,100.0,MN,1580009101.0,91.0,49.98,92.07,-4.72,3.22
252,severo-kurilsk,100.0,RU,1580008923.0,92.0,50.68,156.12,18.86,40.24
253,petropavlovsk-kamchatskiy,40.0,RU,1580008936.0,68.0,53.05,158.65,28.4,4.47
254,prainha,99.0,BR,1580009102.0,97.0,-1.8,-53.48,74.55,1.88
255,lebanon,90.0,US,1580008926.0,74.0,36.21,-86.29,39.2,5.82
256,buala,0.0,SB,1580009102.0,59.0,-8.14,159.59,88.57,2.08
257,thompson,90.0,CA,1580008948.0,92.0,55.74,-97.86,15.8,2.24
258,sioux lookout,90.0,CA,1580009102.0,92.0,50.1,-91.92,23.0,8.05
259,onega,96.0,RU,1580009102.0,95.0,63.91,38.14,15.4,12.1
260,christchurch,0.0,NZ,1580008820.0,64.0,-43.53,172.63,82.0,13.87
261,ribeira grande,99.0,PT,1580009102.0,74.0,38.52,-28.7,54.21,5.59
262,chimbote,94.0,PE,1580009103.0,75.0,-9.09,-78.58,73.87,5.97
263,contamana,96.0,PE,1580009103.0,78.0,-7.33,-75.02,77.95,1.41
264,winnemucca,40.0,US,1580009103.0,71.0,40.97,-117.74,42.8,5.82
265,wani,91.0,IN,1580009103.0,54.0,20.07,78.95,69.94,4.68
266,miraflores,75.0,MX,1580008944.0,48.0,19.22,-98.81,60.8,8.05
267,sri aman,75.0,MY,1580009103.0,88.0,1.24,111.46,80.6,1.12
268,kahului,20.0,US,1580008913.0,57.0,20.89,-156.47,82.4,14.99
269,tieli,66.0,CN,1580009103.0,89.0,46.95,128.05,2.8,6.42
270,rorvik,100.0,NO,1580009104.0,96.0,64.86,11.24,41.0,27.22
271,kawana waters,,,,,,,,
272,huarmey,100.0,PE,1580009104.0,62.0,-10.07,-78.15,76.44,4.16
273,karauzyak,,,,,,,,
274,rocha,0.0,UY,1580008886.0,78.0,-34.48,-54.33,60.19,4.52
275,dunedin,0.0,NZ,1580009104.0,66.0,-45.87,170.5,68.0,24.14
276,dzaoudzi,100.0,YT,1580008960.0,94.0,-12.79,45.27,77.0,3.36
277,mahebourg,75.0,MU,1580008914.0,83.0,-20.41,57.7,78.01,13.87
278,eydhafushi,100.0,MV,1580008865.0,70.0,5.1,73.07,81.61,7.23
279,esso,100.0,RU,1580009105.0,94.0,55.93,158.7,19.78,1.95
280,parabel,97.0,RU,1580009105.0,92.0,58.7,81.48,6.06,9.01
281,khasan,0.0,RU,1580009105.0,49.0,42.43,130.64,25.86,7.94
282,skole,75.0,UA,1580009105.0,83.0,49.04,23.51,23.0,4.9
283,hamilton,90.0,US,1580008935.0,86.0,39.18,-84.53,34.0,6.93
284,danane,0.0,CI,1580009031.0,19.0,7.26,-8.15,67.44,1.68
285,cozumel,5.0,MX,1580009105.0,83.0,20.51,-86.95,75.2,6.93
286,pacific grove,75.0,US,1580009105.0,93.0,36.62,-121.92,60.01,1.52
287,freeport,40.0,US,1580008866.0,81.0,40.66,-73.58,46.4,10.29
288,caravelas,100.0,BR,1580008946.0,84.0,-17.71,-39.25,79.09,19.69
289,oulainen,100.0,FI,1580009106.0,92.0,64.27,24.8,28.99,2.3
290,taksimo,72.0,RU,1580009106.0,93.0,56.34,114.88,-7.82,1.48
291,dicabisagan,96.0,PH,1580009106.0,83.0,17.08,122.42,76.06,5.46
292,tsihombe,,,,,,,,
293,shimanovsk,19.0,RU,1580009106.0,92.0,52.0,127.7,-8.91,4.36
294,urdzhar,,,,,,,,
295,burns lake,0.0,CA,1580009057.0,93.0,54.23,-125.75,23.99,3.83
296,itapeva,0.0,BR,1580009107.0,92.0,-23.98,-48.88,62.92,1.86
297,sorland,100.0,NO,1580008924.0,74.0,67.67,12.69,35.04,29.84
298,arani,26.0,IN,1580009107.0,66.0,12.67,79.28,72.34,4.25
299,dakar,97.0,SN,1580009107.0,73.0,14.69,-17.44,71.6,21.92
300,sangmelima,47.0,CM,1580009107.0,33.0,2.93,11.98,62.8,4.14
301,tatawin,100.0,TN,1580009107.0,41.0,32.93,10.45,57.2,3.36
302,tura,0.0,IN,1580009108.0,55.0,25.52,90.22,63.28,3.38
303,maputo,20.0,MZ,1580009108.0,83.0,-25.97,32.59,73.4,4.7
304,vanderhoof,0.0,CA,1580009108.0,92.0,54.02,-124.02,24.64,3.42
305,haines junction,100.0,CA,1580009108.0,99.0,60.75,-137.51,-14.78,5.93
306,dhone,6.0,IN,1580009108.0,50.0,15.42,77.88,74.5,7.07
307,golkoy,0.0,TR,1580009108.0,74.0,40.69,37.62,37.4,1.12
308,puerto baquerizo moreno,32.0,EC,1580009108.0,85.0,-0.9,-89.6,77.0,13.49
309,moree,90.0,AU,1580009108.0,58.0,-29.47,149.85,84.2,12.75
310,esmeraldas,90.0,BR,1580009109.0,100.0,-19.76,-44.31,69.8,3.36
311,barbar,,,,,,,,
312,djambala,81.0,CG,1580009109.0,83.0,-2.54,14.75,71.33,0.87
313,springdale,90.0,US,1580009109.0,70.0,36.19,-94.13,46.4,3.36
314,iquitos,75.0,PE,1580009109.0,83.0,-3.75,-73.25,78.8,6.93
315,marzuq,7.0,YE,1580008966.0,61.0,14.4,46.47,60.89,9.31
316,tarko-sale,100.0,RU,1580008931.0,96.0,64.92,77.78,0.14,8.84
317,wajir,100.0,KE,1580009109.0,75.0,1.75,40.06,79.38,12.39
318,ahipara,94.0,NZ,1580008926.0,84.0,-35.17,173.17,69.64,15.66
319,troitskoye,100.0,RU,1580009110.0,92.0,52.98,84.68,15.03,6.24
320,poselki,100.0,RU,1580009110.0,92.0,53.13,46.5,23.56,16.71
321,hami,0.0,CN,1580008964.0,62.0,42.8,93.45,11.79,1.41
322,forrest city,35.0,US,1580009110.0,86.0,35.01,-90.79,43.0,3.36
323,bubaque,92.0,GW,1580009110.0,70.0,11.28,-15.83,77.86,7.76
324,riyadh,0.0,SA,1580008831.0,60.0,24.69,46.72,42.8,16.11
325,barentu,0.0,ER,1580009110.0,81.0,15.11,37.59,47.08,2.59
326,kruisfontein,89.0,ZA,1580008656.0,87.0,-34.0,24.73,64.71,22.73
327,lata,40.0,PT,1580008959.0,93.0,40.16,-8.33,50.0,5.82
328,vedaranniyam,,,,,,,,
329,tidore,,,,,,,,
330,codrington,100.0,AU,1580008924.0,78.0,-38.27,141.97,61.56,20.42
331,serowe,13.0,BW,1580009111.0,74.0,-22.38,26.72,66.61,3.78
332,vostok,51.0,RU,1580009111.0,77.0,46.49,135.88,5.63,6.69
333,eyl,9.0,SO,1580008970.0,80.0,7.98,49.82,78.76,20.2
334,buchanan,14.0,LR,1580009111.0,96.0,5.88,-10.05,75.02,1.86
335,nikolayevka,98.0,RU,1580009112.0,90.0,53.13,47.2,23.32,15.9
336,svetlaya,100.0,RU,1580009112.0,52.0,46.54,138.33,15.42,6.93
337,guapiacu,0.0,BR,1580009112.0,73.0,-20.8,-49.22,75.2,3.0
338,xining,0.0,CN,1580009112.0,45.0,36.62,101.77,18.23,5.37
339,grand gaube,75.0,MU,1580009076.0,83.0,-20.01,57.66,78.01,13.87
340,san policarpo,2.0,PH,1580009112.0,84.0,12.18,125.51,81.01,9.1
341,adrar,100.0,MR,1580009112.0,23.0,20.5,-10.07,73.99,10.58
342,machiques,4.0,VE,1580009112.0,70.0,10.06,-72.55,77.72,8.01
343,isangel,75.0,VU,1580008915.0,83.0,-19.55,169.27,78.8,5.82
344,tinjah,,,,,,,,
345,san felipe,46.0,VE,1580009113.0,84.0,10.34,-68.74,67.5,2.39
346,havelock,1.0,US,1580008893.0,70.0,34.88,-76.9,48.2,9.17
347,chany,100.0,RU,1580009113.0,92.0,55.31,76.76,5.97,14.52
348,krasnyy chikoy,0.0,RU,1580009113.0,83.0,50.36,108.75,9.55,1.68
349,mackenzie,1.0,CA,1580009113.0,86.0,55.3,-123.17,30.2,6.93
350,tanjong malim,,,,,,,,
351,carnarvon,13.0,AU,1580008919.0,58.0,-24.87,113.63,84.2,19.46
352,ovsyanka,40.0,RU,1580009114.0,68.0,55.96,92.55,24.8,4.47
353,denpasar,20.0,ID,1580008828.0,74.0,-8.65,115.22,87.8,8.05
354,aksu,100.0,CN,1580009114.0,71.0,41.12,80.26,24.3,1.88
355,fort nelson,90.0,CA,1580009099.0,92.0,58.81,-122.7,8.6,4.7
356,tucumcari,1.0,US,1580009114.0,45.0,35.17,-103.72,44.6,6.15
357,veraval,0.0,IN,1580009114.0,30.0,20.9,70.37,68.07,7.45
358,teguldet,100.0,RU,1580009115.0,92.0,57.31,88.17,15.03,9.93
359,bairiki,40.0,KI,1580008948.0,70.0,1.33,172.98,89.6,5.82
360,nurota,94.0,UZ,1580009115.0,92.0,40.56,65.69,26.6,0.98
361,wiwili,0.0,NI,1580009115.0,86.0,13.63,-85.83,62.6,2.13
362,talcahuano,0.0,CL,1580009115.0,68.0,-36.72,-73.12,68.0,10.29
363,giyon,90.0,ET,1580009115.0,90.0,8.53,37.98,55.69,8.46
364,avera,1.0,US,1580008970.0,70.0,33.19,-82.53,44.6,8.05
365,karakendzha,,,,,,,,
366,sentyabrskiy,,,,,,,,
367,pilao arcado,,,,,,,,
368,olafsvik,77.0,IS,1580008698.0,82.0,64.89,-23.71,31.23,15.55
369,acandi,94.0,CO,1580009116.0,97.0,8.51,-77.28,70.05,2.55
370,tuatapere,98.0,NZ,1580008956.0,51.0,-46.13,167.68,65.64,4.76
371,kismayo,67.0,SO,1580009116.0,88.0,-0.36,42.55,80.13,9.98
372,muncar,50.0,ID,1580009116.0,71.0,-8.43,114.33,83.59,5.61
373,dingle,31.0,PH,1580008937.0,73.0,11.0,122.67,84.15,5.21
374,mantua,75.0,IT,1580008933.0,100.0,45.17,10.78,46.0,2.24
375,mawlaik,0.0,MM,1580008945.0,48.0,23.63,94.42,62.13,2.68
376,conceicao do araguaia,100.0,BR,1580008971.0,95.0,-8.26,-49.26,74.84,2.53
377,mentok,,,,,,,,
378,ancud,76.0,CL,1580008955.0,87.0,-41.87,-73.82,59.0,4.7
379,san luis,0.0,AR,1580009117.0,24.0,-33.3,-66.34,82.33,14.41
380,tallahassee,40.0,US,1580009104.0,75.0,30.44,-84.28,50.0,3.78
381,balibago,75.0,PH,1580009117.0,66.0,15.16,120.6,88.0,4.7
382,puerto escondido,20.0,MX,1580009117.0,74.0,15.85,-97.07,78.8,1.9
383,bengkulu,100.0,ID,1580008928.0,58.0,-3.8,102.27,87.44,2.1
384,waitati,0.0,NZ,1580009118.0,78.0,-45.75,170.57,68.0,15.01
385,bud,90.0,US,1580009118.0,91.0,39.45,-86.18,33.01,14.99
386,hemnesberget,100.0,NO,1580008925.0,95.0,66.23,13.63,23.56,5.08
387,bontang,0.0,ID,1580009099.0,73.0,0.13,117.5,83.23,7.58
388,sola,63.0,VU,1580008964.0,75.0,-13.88,167.55,83.3,10.25
389,fairbanks,1.0,US,1580008803.0,74.0,64.84,-147.72,-9.99,6.04
390,mungwi,100.0,ZM,1580009118.0,96.0,-10.17,31.37,64.38,0.96
391,palabuhanratu,,,,,,,,
392,los llanos de aridane,29.0,ES,1580009119.0,55.0,28.66,-17.92,60.8,8.05
393,cap-aux-meules,40.0,CA,1580009119.0,85.0,47.38,-61.86,23.0,3.36
394,harper,26.0,LR,1580008944.0,96.0,4.38,-7.72,76.82,0.87
395,lavrentiya,0.0,RU,1580008944.0,77.0,65.58,-171.0,-13.47,3.15
396,bocaranga,,,,,,,,
397,ust-kamchatsk,,,,,,,,
398,pyaozerskiy,100.0,RU,1580009119.0,92.0,65.83,31.17,11.39,3.67
399,sobolevo,0.0,RU,1580009120.0,87.0,54.43,31.9,28.29,8.43
400,piracicaba,0.0,BR,1580009120.0,73.0,-22.73,-47.65,69.8,8.05
401,otane,0.0,NZ,1580009120.0,52.0,-39.88,176.63,84.99,10.0
402,daurala,0.0,IN,1580009120.0,62.0,29.12,77.68,52.0,4.43
403,san patricio,100.0,MX,1580009120.0,70.0,19.22,-104.7,77.38,7.54
404,warqla,,,,,,,,
405,guerrero negro,0.0,MX,1580009120.0,78.0,27.98,-114.06,62.11,9.37
406,nakhodka,0.0,RU,1580009120.0,38.0,42.83,132.89,23.74,3.13
407,liverpool,90.0,GB,1580008851.0,93.0,53.41,-2.98,46.4,10.29
408,port shepstone,2.0,ZA,1580009109.0,73.0,-30.74,30.45,69.04,3.31
409,nahariyya,0.0,IL,1580009121.0,56.0,33.01,35.09,52.68,5.32
410,vila franca do campo,40.0,PT,1580009121.0,82.0,37.72,-25.43,57.2,4.7
411,urubicha,97.0,BO,1580009121.0,65.0,-15.38,-62.95,81.37,1.9
412,kovdor,10.0,RU,1580009121.0,95.0,67.57,30.48,-0.13,4.72
413,kurumkan,71.0,RU,1580009121.0,86.0,54.3,110.3,5.86,1.32
414,kikwit,62.0,CD,1580009121.0,92.0,-5.04,18.82,70.3,1.97
415,tabas,0.0,IR,1580009122.0,60.0,33.6,56.92,35.6,4.97
416,hobyo,100.0,SO,1580008946.0,81.0,5.35,48.53,77.79,10.33
417,makat,100.0,KZ,1580009122.0,97.0,47.65,53.35,34.43,24.25
418,samalaeulu,,,,,,,,
419,qasigiannguit,92.0,GL,1580009122.0,46.0,68.82,-51.19,6.8,10.29
420,kedrovyy,40.0,RU,1580009122.0,68.0,56.17,91.82,24.8,4.47
421,bani,57.0,DO,1580008946.0,80.0,18.28,-70.33,77.0,3.0
422,pauini,47.0,BR,1580009122.0,83.0,-7.71,-66.98,75.09,0.63
423,narasannapeta,59.0,IN,1580009123.0,71.0,18.42,84.05,74.75,3.18
424,nyakabindi,100.0,TZ,1580009123.0,93.0,-2.63,33.98,65.66,4.03
425,chapais,90.0,CA,1580008939.0,85.0,49.78,-74.85,23.0,9.17
426,marienburg,75.0,PL,1580009123.0,100.0,54.04,19.03,41.0,8.05
427,eenhana,85.0,NA,1580009123.0,73.0,-17.47,16.33,75.2,2.24
428,fukue,75.0,JP,1580009123.0,71.0,32.69,128.84,53.6,17.22
429,elizabeth city,1.0,US,1580009123.0,81.0,36.29,-76.25,50.0,3.36
430,jiangyou,100.0,CN,1580008972.0,80.0,31.77,104.72,34.75,2.91
431,cape coast,89.0,GH,1580009124.0,71.0,5.11,-1.25,80.87,5.21
432,muyezerskiy,100.0,RU,1580009124.0,90.0,63.93,31.65,11.17,4.83
433,pingliang,100.0,CN,1580009124.0,74.0,35.54,106.69,23.05,8.39
434,palmas,75.0,BR,1580009124.0,94.0,-10.21,-48.36,77.0,5.82
435,hirara,75.0,JP,1580009124.0,78.0,24.8,125.28,78.8,17.22
436,skagen,100.0,DK,1580009124.0,97.0,57.72,10.58,43.0,17.0
437,sheltozero,100.0,RU,1580009124.0,76.0,61.37,35.37,23.2,14.03
438,chagda,,,,,,,,
439,harboore,100.0,DK,1580009125.0,93.0,56.62,8.18,42.8,10.29
440,grindavik,90.0,IS,1580009125.0,72.0,63.84,-22.43,37.4,16.11
441,bac lieu,62.0,VN,1580009032.0,58.0,9.29,105.72,84.02,5.93
442,shepetivka,97.0,UA,1580009125.0,92.0,50.19,27.06,30.43,7.09
443,dzhebariki-khaya,0.0,RU,1580009125.0,93.0,62.22,135.8,-41.01,0.85
444,cessnock,40.0,AU,1580009125.0,37.0,-32.83,151.35,100.99,11.41
445,maturin,100.0,VE,1580008882.0,92.0,9.75,-63.18,70.61,4.81
446,tungor,0.0,RU,1580009125.0,85.0,53.38,142.96,-9.99,19.69
447,ouegoa,100.0,NC,1580009126.0,58.0,-20.35,164.43,83.79,4.68
448,cherskiy,100.0,RU,1580008940.0,96.0,68.75,161.3,-17.93,2.71
449,pandan,35.0,PH,1580009126.0,77.0,14.05,124.17,80.85,4.61
450,phan rang,,,,,,,,
451,bronkhorstspruit,7.0,ZA,1580009126.0,91.0,-25.81,28.74,62.01,1.01
452,bandarban,0.0,BD,1580009126.0,87.0,22.2,92.23,60.8,3.2
453,puerto colombia,20.0,CO,1580009126.0,78.0,10.99,-74.95,80.6,13.87
454,mago,0.0,RU,1580009126.0,84.0,53.25,140.18,-12.46,4.65
455,charters towers,100.0,AU,1580009127.0,57.0,-20.1,146.27,86.95,8.32
456,catuday,100.0,PH,1580009127.0,80.0,16.29,119.81,79.07,8.66
457,kulhudhuffushi,100.0,MV,1580008865.0,65.0,6.62,73.07,82.44,5.59
458,yerbogachen,100.0,RU,1580009127.0,88.0,61.28,108.01,24.85,16.87
459,tommot,89.0,RU,1580009079.0,95.0,58.96,126.29,-4.86,2.01
460,lugovoy,100.0,KZ,1580009127.0,97.0,42.95,72.76,20.95,4.36
461,qibili,,,,,,,,
462,killin,40.0,US,1580009127.0,70.0,33.61,-91.74,48.2,3.36
463,warrnambool,70.0,AU,1580009128.0,68.0,-38.38,142.48,69.01,19.22
464,carlsbad,90.0,US,1580008860.0,87.0,33.16,-117.35,59.0,1.3
465,tarnobrzeg,99.0,PL,1580009128.0,92.0,50.57,21.68,28.99,3.36
466,shache,97.0,CN,1580009128.0,66.0,38.42,77.24,23.59,1.95
467,beringovskiy,100.0,RU,1580009128.0,85.0,63.05,179.32,14.74,5.86
468,hofn,82.0,IS,1580009128.0,86.0,64.25,-15.21,38.97,16.04
469,macaboboni,,,,,,,,
470,guadalupe y calvo,13.0,MX,1580009128.0,89.0,26.1,-106.97,42.37,2.33
471,nishihara,75.0,JP,1580008915.0,94.0,26.18,127.76,73.4,14.99
472,sinnamary,100.0,GF,1580009129.0,83.0,5.38,-52.95,79.95,18.81
473,quetzaltepec,,,,,,,,
474,klaksvik,100.0,FO,1580008964.0,93.0,62.23,-6.59,44.6,14.99
475,mys shmidta,,,,,,,,
476,coari,100.0,BR,1580009129.0,98.0,-4.08,-63.14,74.34,1.9
477,yulara,0.0,AU,1580008913.0,9.0,-25.24,130.99,93.2,10.29
478,gigmoto,90.0,PH,1580009130.0,81.0,13.78,124.39,81.14,12.53
479,saint combs,,,,,,,,
480,izhma,91.0,RU,1580009130.0,99.0,65.01,53.91,-12.41,2.44
481,shahr-e babak,96.0,IR,1580008917.0,84.0,30.12,55.12,32.72,11.14
482,teresita,20.0,PH,1580009130.0,58.0,6.41,124.71,86.0,4.7
483,vaitape,62.0,PF,1580008975.0,72.0,-16.52,-151.75,83.16,8.79
484,irtyshskiy,99.0,RU,1580009130.0,96.0,58.33,68.13,2.73,6.51
485,vanavara,62.0,RU,1580008971.0,80.0,60.34,102.28,18.86,14.85
486,bodmin,13.0,GB,1580009130.0,87.0,50.47,-4.72,51.01,12.75
487,tharad,0.0,IN,1580009131.0,34.0,24.4,71.63,66.42,2.26
488,flinders,40.0,AU,1580008959.0,44.0,-34.58,150.86,98.01,11.41
489,san carlos,40.0,VE,1580009131.0,57.0,9.66,-68.58,76.86,3.2
490,high rock,0.0,BS,1580009131.0,64.0,26.62,-78.28,70.25,9.4
491,arkhara,0.0,RU,1580009131.0,89.0,49.42,130.08,0.54,7.99
492,aswan,0.0,EG,1580009131.0,66.0,24.09,32.91,50.0,5.82
493,la rioja,90.0,ES,1580009131.0,93.0,42.25,-2.5,44.6,4.7
494,cockburn town,0.0,TC,1580009131.0,74.0,21.46,-71.14,76.39,12.33
495,ngukurr,,,,,,,,
496,basoko,21.0,CD,1580008961.0,43.0,1.24,23.62,67.82,2.21
497,acapulco,20.0,MX,1580008678.0,78.0,16.86,-99.89,78.8,5.82
498,nichinan,75.0,JP,1580009132.0,93.0,31.6,131.37,51.8,8.05
499,ulaanbaatar,0.0,MN,1580009119.0,76.0,47.91,106.88,-4.0,4.36
500,sol-iletsk,100.0,RU,1580009132.0,96.0,51.16,54.99,30.09,19.22
501,maua,0.0,BR,1580009132.0,77.0,-23.67,-46.46,68.0,3.36
502,januaria,100.0,BR,1580009133.0,97.0,-15.48,-44.37,70.05,4.47
503,fort myers beach,1.0,US,1580009013.0,71.0,26.45,-81.95,59.0,8.05
504,bereda,35.0,ES,1580009133.0,100.0,43.27,-7.54,46.99,6.93
505,zhezkazgan,90.0,KZ,1580009133.0,92.0,47.8,67.71,17.6,20.13
506,belton,75.0,US,1580009054.0,100.0,38.81,-94.53,30.99,2.95
507,ozernovskiy,100.0,RU,1580009133.0,94.0,51.5,156.52,23.25,12.75
508,vila,75.0,PT,1580008958.0,100.0,42.03,-8.16,52.0,6.93
509,zeya,18.0,RU,1580009133.0,89.0,53.75,127.27,-16.19,3.58
510,mount gambier,90.0,AU,1580009134.0,64.0,-37.83,140.77,68.0,14.99
511,baykit,100.0,RU,1580008937.0,85.0,61.67,96.37,14.97,12.57
512,khowst,0.0,AF,1580009134.0,44.0,33.38,69.88,39.06,3.33
513,mao,70.0,ES,1580009105.0,93.0,39.89,4.27,55.4,5.82
514,garowe,36.0,SO,1580009134.0,79.0,8.41,48.48,72.57,6.62
515,berlevag,100.0,NO,1580008938.0,69.0,70.86,29.09,23.07,27.11
516,goma,81.0,CD,1580008963.0,79.0,-1.68,29.22,56.25,1.03
517,aasiaat,100.0,GL,1580009135.0,93.0,68.71,-52.87,5.88,5.7
518,nome,1.0,US,1580008934.0,82.0,64.5,-165.41,-16.6,8.72
519,hun,80.0,LY,1580009135.0,31.0,29.13,15.95,55.09,3.76
520,weiser,90.0,US,1580009068.0,81.0,44.25,-116.97,42.8,8.05
521,remedios,20.0,CU,1580009135.0,88.0,22.49,-79.55,68.0,4.7
522,kurchum,100.0,KZ,1580009135.0,93.0,48.57,83.65,24.19,17.49
523,port augusta,0.0,AU,1580009135.0,64.0,-32.5,137.77,91.99,14.99
524,bugulma,60.0,RU,1580009135.0,99.0,54.55,52.8,12.13,1.88
525,santa isabel do rio negro,99.0,BR,1580009136.0,93.0,-0.41,-65.02,74.16,1.83
526,amderma,,,,,,,,
527,atar,100.0,MR,1580009136.0,24.0,20.52,-13.05,70.45,9.01
528,kajaani,90.0,FI,1580009136.0,100.0,64.17,27.67,15.8,1.12
529,mezhdurechenskiy,100.0,RU,1580009136.0,96.0,59.6,65.93,1.02,5.66
530,makueni,100.0,KE,1580009136.0,95.0,-1.8,37.62,65.03,3.04
531,kamenka,3.0,RU,1580008967.0,83.0,51.32,42.77,30.0,7.0
532,ust-maya,48.0,RU,1580009136.0,94.0,60.42,134.53,-37.53,1.16
533,pemba,75.0,MZ,1580009137.0,94.0,-12.97,40.52,77.0,4.7
534,puerto carreno,100.0,CO,1580009137.0,50.0,6.19,-67.49,81.36,4.74
535,dehloran,0.0,IR,1580009137.0,72.0,32.69,47.27,44.06,2.75
536,batagay,0.0,RU,1580008915.0,92.0,67.63,134.63,-40.83,1.97
537,halalo,,,,,,,,
538,etne,100.0,NO,1580009137.0,100.0,59.66,5.93,44.01,13.87
539,khonuu,,,,,,,,
540,portales,1.0,US,1580009137.0,52.0,34.19,-103.33,42.01,8.05
541,donegal,100.0,IE,1580009138.0,91.0,54.65,-8.12,46.02,13.73
542,atherton,90.0,GB,1580009138.0,93.0,53.52,-2.49,46.4,5.82
543,dunmore town,27.0,BS,1580009138.0,70.0,25.5,-76.65,72.61,1.77
544,montrose,1.0,US,1580009138.0,96.0,38.42,-108.27,33.8,6.93
545,truth or consequences,1.0,US,1580009138.0,39.0,33.13,-107.25,48.2,5.82
546,kirakira,3.0,SB,1580008705.0,77.0,-10.45,161.92,84.58,7.16
547,vieques,90.0,PR,1580009138.0,100.0,18.43,-65.83,75.99,4.34
548,samusu,,,,,,,,
549,okhotsk,100.0,RU,1580008933.0,72.0,59.38,143.3,-11.83,15.93
550,cruzilia,0.0,BR,1580009139.0,94.0,-21.84,-44.81,60.62,1.66
551,tuggurt,,,,,,,,
552,aklavik,90.0,CA,1580008939.0,68.0,68.22,-135.01,-14.8,16.11
553,puerto del rosario,0.0,ES,1580009139.0,76.0,28.5,-13.86,59.0,6.93
554,kabalo,75.0,CD,1580009139.0,93.0,-6.05,26.92,69.37,1.66
555,ghanzi,43.0,BW,1580009139.0,61.0,-21.57,21.78,73.24,12.71
556,hasaki,75.0,JP,1580008918.0,93.0,35.73,140.83,43.0,8.05
557,mont-de-marsan,88.0,FR,1580009140.0,93.0,44.0,-0.67,46.4,2.24
558,gayeri,0.0,BF,1580009140.0,10.0,12.65,0.49,67.78,9.55
559,amalapuram,4.0,IN,1580009033.0,83.0,16.58,82.02,75.2,0.69
560,seydi,0.0,TM,1580009140.0,78.0,39.48,62.91,26.28,2.93
561,usinsk,91.0,RU,1580009140.0,100.0,65.99,57.53,-10.97,1.1
562,turmalina,100.0,BR,1580009140.0,99.0,-17.29,-42.73,67.23,6.08
563,daru,36.0,PG,1580009140.0,46.0,-9.08,143.21,96.6,2.82
564,black diamond,1.0,US,1580009140.0,100.0,47.31,-122.0,50.0,5.82
565,egvekinot,67.0,RU,1580008936.0,89.0,66.32,-179.17,-5.75,4.85
566,nicosia,0.0,CY,1580009119.0,80.0,35.17,33.37,43.0,5.82
567,merauke,0.0,ID,1580008972.0,57.0,-8.47,140.33,90.57,9.17
568,rio gallegos,0.0,AR,1580009141.0,53.0,-51.62,-69.22,50.0,20.8
569,port lincoln,32.0,AU,1580009141.0,54.0,-34.73,135.87,74.1,10.18
570,port moresby,75.0,PG,1580009141.0,74.0,-9.44,147.18,87.8,11.41
571,tejupilco,,,,,,,,
572,aracoiaba,92.0,BR,1580009141.0,93.0,-4.37,-38.81,74.91,1.66
573,fernandina beach,1.0,US,1580008882.0,70.0,30.67,-81.46,52.0,6.93
574,panlaitan,53.0,PH,1580009142.0,72.0,12.12,119.85,82.06,4.38
575,trelew,0.0,AR,1580009133.0,25.0,-43.25,-65.31,73.8,23.06
576,bang phae,84.0,TH,1580009142.0,36.0,13.69,99.93,90.23,1.61
577,harnoli,19.0,PK,1580009142.0,58.0,32.28,71.55,53.01,3.09
578,macamic,90.0,CA,1580009142.0,97.0,48.75,-79.0,32.0,8.05
579,talnakh,75.0,RU,1580009142.0,77.0,69.49,88.4,5.0,11.18
580,liepaja,18.0,LV,1580009142.0,93.0,56.54,21.04,41.0,14.99
581,port-de-paix,,,,,,,,
582,yacopi,100.0,CO,1580009143.0,94.0,5.46,-74.34,68.83,2.28
583,saku,40.0,JP,1580009143.0,44.0,36.22,138.48,46.0,2.24
584,semenivka,22.0,UA,1580009143.0,88.0,52.18,32.58,30.7,10.04
585,souillac,75.0,MU,1580008943.0,83.0,-20.52,57.52,78.01,13.87
586,jiuquan,0.0,CN,1580009143.0,37.0,39.74,98.52,19.8,3.89
587,general roca,73.0,AR,1580009143.0,32.0,-39.03,-67.58,80.6,13.87
588,mokolo,0.0,CM,1580009143.0,20.0,10.74,13.8,55.17,6.24
589,udarnyy,100.0,RU,1580009144.0,88.0,54.34,42.86,26.44,14.74
590,huitzuco,,,,,,,,
591,kudahuvadhoo,100.0,MV,1580009144.0,79.0,2.67,72.89,81.36,14.92
592,linkou,0.0,CN,1580009144.0,75.0,45.3,130.28,10.11,5.46
593,dong xoai,22.0,VN,1580009144.0,48.0,11.53,106.92,87.44,3.31
594,djibo,97.0,BF,1580009144.0,10.0,14.1,-1.63,69.21,9.4
595,ust-nera,100.0,RU,1580009144.0,98.0,64.57,143.2,-36.72,3.04
596,kiama,40.0,AU,1580008968.0,44.0,-34.68,150.87,98.01,11.41
597,hervey bay,75.0,AU,1580009145.0,55.0,-25.3,152.85,89.01,11.41
598,wodonga,0.0,AU,1580009145.0,23.0,-36.12,146.88,90.0,6.93
599,shaoyang,100.0,CN,1580009145.0,83.0,27.23,111.45,40.08,5.53
600,vega de alatorre,33.0,MX,1580009145.0,85.0,20.03,-96.63,73.27,17.9
601,haibowan,,,,,,,,
602,airai,48.0,TL,1580008929.0,63.0,-8.93,125.41,82.2,3.29
603,bonney lake,20.0,US,1580009145.0,100.0,47.18,-122.19,48.99,5.82
604,woodstock,90.0,CA,1580009084.0,96.0,43.13,-80.75,34.0,9.17
605,tautira,40.0,PF,1580008930.0,70.0,-17.73,-149.15,86.0,8.05
606,zhaotong,92.0,CN,1580009146.0,68.0,27.32,103.72,33.08,2.57
607,potgietersrus,,,,,,,,
608,walvis bay,0.0,NA,1580009146.0,100.0,-22.96,14.51,62.01,3.36
609,natal,20.0,BR,1580009146.0,83.0,-5.79,-35.21,82.4,9.17
610,lakes entrance,63.0,AU,1580009146.0,51.0,-37.88,147.98,93.0,8.99
611,san cristobal,40.0,VE,1580009073.0,78.0,7.77,-72.22,78.8,2.24
612,pa sang,0.0,TH,1580009146.0,52.0,18.53,98.94,73.99,3.36
613,namatanai,67.0,PG,1580008956.0,71.0,-3.67,152.43,85.87,12.68
614,novyy urgal,70.0,RU,1580009147.0,88.0,51.07,132.56,-15.86,1.39
615,odesskoye,100.0,RU,1580009147.0,92.0,54.21,72.97,13.14,15.93
616,taltal,0.0,CL,1580009147.0,83.0,-25.4,-70.48,67.77,1.72
617,kununurra,66.0,AU,1580009147.0,52.0,-15.77,128.73,91.4,1.12
618,dhidhdhoo,100.0,MV,1580009147.0,65.0,6.88,73.1,82.02,4.36
619,richards bay,1.0,ZA,1580009147.0,81.0,-28.78,32.04,77.38,26.22
620,pathein,41.0,MM,1580009147.0,50.0,16.78,94.73,75.15,7.74
621,tongren,100.0,CN,1580008899.0,86.0,27.72,109.19,37.0,4.47
622,constitucion,0.0,CL,1580008780.0,67.0,-35.33,-72.42,63.21,5.7
623,tapaua,,,,,,,,
624,aketi,69.0,CD,1580009148.0,44.0,2.74,23.78,64.92,1.99
625,tenenkou,96.0,ML,1580009148.0,9.0,14.46,-4.92,73.27,9.62
626,sovetskiy,91.0,RU,1580009148.0,98.0,61.36,63.58,-5.19,3.44
627,diu,0.0,IN,1580009148.0,49.0,20.71,70.98,73.87,10.25
628,rivera,12.0,UY,1580009148.0,44.0,-30.91,-55.55,77.76,6.91
629,anaconda,90.0,US,1580009148.0,80.0,46.13,-112.94,30.99,6.51
630,chernolesskoye,52.0,RU,1580009149.0,74.0,44.72,43.71,31.39,9.93
631,auki,0.0,SB,1580008962.0,73.0,-8.77,160.7,83.89,4.07
632,manuk mangkaw,0.0,PH,1580009149.0,71.0,4.8,119.85,83.73,4.74
633,colares,20.0,PT,1580009149.0,100.0,38.8,-9.45,52.0,4.7
634,te anau,100.0,NZ,1580009149.0,79.0,-45.42,167.72,63.37,7.38
